Date,data,median,LB,UB
01-01-2020,26.209,25.209,25.209,25.209
02-01-2020,26.735,21.9335220186943,17.160177724103,26.8435849883951
03-01-2020,27.389,24.1437710986116,19.3764747869018,28.9626214940734
04-01-2020,28.367,26.3136149702817,21.518101529527,31.0924739555587
05-01-2020,30.021,28.1748268679128,23.5223903462814,32.9565263174921
06-01-2020,31.053,29.8392503233885,25.1159100279185,34.4709330631423
07-01-2020,32.149,31.3528145206139,26.698737494373,36.0273270645748
08-01-2020,33.128,32.7832019499664,28.1388353564327,37.5256571731716
09-01-2020,33.886,34.0508677441916,29.502348526744,38.6360374068913
10-01-2020,34.383,35.176447512694,30.6257009710788,39.7575831799902
11-01-2020,34.917,36.2672251353954,31.6213119773802,40.8289334842263
12-01-2020,35.581,37.2426050155458,32.5626689451282,41.8692809132084
01-01-2021,36.607,38.0769204212349,33.4185697272955,42.7164611206785
02-01-2021,37.275,38.9233995856901,34.2518519994625,43.7387087183232
03-01-2021,38.213,39.518618364845,34.9808597336413,44.0776992327587
04-01-2021,38.957,40.2224031273038,35.5328283828183,44.8293560320338
05-01-2021,38.795,40.7236960945634,36.1535964238861,45.3287973554284
06-01-2021,39.19,41.2636058918246,36.6409655355355,45.8251725400111
07-01-2021,39.471,41.6364068825338,37.0837577265214,46.400700349518
08-01-2021,39.815,42.0574787141911,37.4554297041436,46.6666254419262
09-01-2021,40.41,42.4224104456099,37.8489399569997,46.9172683261478
10-01-2021,40.991,42.5909858796621,37.9535569525972,47.2692528959691
11-01-2021,41.381,42.8558303311863,38.3996304042233,47.6631879407601
12-01-2021,41.865,42.9162173855745,38.4930834354901,47.546056049741
01-01-2022,41.839,43.0583927200634,38.355884605101,47.6552207659062
02-01-2022,42.223,43.0508613439757,38.5439191412435,47.7100009150576
03-01-2022,42.205,43.0870836294735,38.6701695497773,47.6147919171499
04-01-2022,41.796,42.9666834453964,38.5452996214085,47.6536216211092
05-01-2022,41.739,42.9975061889908,38.5032920777223,47.6177738856494
06-01-2022,41.731,42.8838448438146,38.308836497477,47.4997226019538
07-01-2022,41.927,42.6761921483721,38.0461254910765,47.2950107824579
08-01-2022,41.96,42.5489958645411,38.0245558247234,47.0838296231045
09-01-2022,41.904,42.3224031970032,37.8062332658439,46.857998005613
10-01-2022,42.037,42.1139908841721,37.3966002756673,46.6618104492955
11-01-2022,42.243,41.8208305940331,37.2690015537148,46.5132891776031
12-01-2022,42.5,41.5254185951553,36.9042705344559,46.0669901828125
01-01-2023,42.622,41.2406710202502,36.6601171889842,45.8164110869604
02-01-2023,42.547,40.9710496888709,36.429310764913,45.6137960548709
03-01-2023,42.624,40.5574939978381,36.0460112637064,45.0648767231428
04-01-2023,42.755,40.2770806107568,35.718121113154,44.8537392799405
05-01-2023,42.951,39.9115961280472,35.279211690714,44.4429234089693
06-01-2023,42.917,39.4781656970138,34.8278659270893,44.1611239192615
07-01-2023,42.729,39.1321239385324,34.4773060242616,43.6549101520122
08-01-2023,42.782,38.7084979676421,34.1125758357023,43.2784970874442
09-01-2023,42.45,38.309471517535,33.6850127707804,42.7942853185014
10-01-2023,41.941,37.8888040191805,33.3672962345818,42.3386473008996
11-01-2023,41.466,37.4209085409064,32.9657425976202,41.9349764051805
12-01-2023,40.8,36.9924796329343,32.4930546170684,41.5046972570933
01-01-2024,40.316,36.5704126812119,31.8952309991757,41.1206690631619
02-01-2024,39.757,36.0655207884377,31.6348304707398,40.6567245320481
03-01-2024,38.744,35.6581365572188,31.0640234319055,40.221078238191
04-01-2024,37.937,35.220647493029,30.4238544048505,39.7786526394651
05-01-2024,36.917,34.7890760824712,30.1674363790305,39.3296808225732
06-01-2024,36.083,34.348887063767,29.7352035697511,38.8593627808839
07-01-2024,35.091,33.8402013302628,29.153575076842,38.3383543042763
08-01-2024,33.897,33.4211134014221,28.9293135580546,37.9187128659772
09-01-2024,32.821,32.9503605188798,28.3682684007796,37.4611319072493
10-01-2024,31.849,32.5171235138043,28.0292406428666,37.0514867878354
11-01-2024,30.876,32.0674308073042,27.5047622626905,36.6060791898145
12-01-2024,29.983,31.6752491578833,27.0730031991582,36.2923520153794
01-01-2025,29.237,31.1497415867793,26.5967601096506,35.776537022729
02-01-2025,28.384,30.8284415553549,26.2633020090376,35.3133411337678
03-01-2025,28.012,30.3170964631688,25.7919460995285,34.9394874890617
04-01-2025,27.474,29.9441079553468,25.3104110458442,34.5410563048711
05-01-2025,26.943,29.5279416197549,24.9149832387771,34.071224080205
06-01-2025,26.399,29.1036270270123,24.4605255375451,33.6641606510141
07-01-2025,25.942,28.7291114862211,24.0918739119965,33.3934364564969
08-01-2025,25.464,28.3649754802757,23.6259898588346,32.9510325784107
09-01-2025,25.174,27.8682541301695,23.3174884787887,32.5228876610876
10-01-2025,24.927,27.4377883769924,22.8728088919529,32.1392509192389
11-01-2025,24.818,27.0880386125404,22.5002798595504,31.6472088105944
12-01-2025,24.628,26.7848137020895,22.2275204110042,31.4289254589207
01-01-2026,24.057,26.3388025304397,21.7346819036617,31.0981008131192
02-01-2026,23.689,25.9489904670472,21.2879939751522,30.4365548218291
03-01-2026,NaN,25.6981969029737,21.0682173707573,30.2618926224374
04-01-2026,NaN,25.2537042663292,20.5201079907562,29.9789283399417
05-01-2026,NaN,24.9133181997323,20.3899719960074,29.6684655338103
06-01-2026,NaN,24.6085339923842,19.9100472505009,29.4166816450377
07-01-2026,NaN,24.3218520132017,19.6746885901648,28.954231656774
08-01-2026,NaN,23.9278685779669,19.3751071923571,28.5255189163958
09-01-2026,NaN,23.6352258915371,19.0175305476367,28.0652213153992
10-01-2026,NaN,23.3484279255897,18.8242371137394,28.0523389749964
11-01-2026,NaN,22.9781073251289,18.2748105113064,27.6846370145675
12-01-2026,NaN,22.8296861674197,17.9711951177483,27.4583648289966
01-01-2027,NaN,22.3921876835736,17.6233108513377,27.1308346770866
02-01-2027,NaN,22.1590620168106,17.5111157979837,26.9976094553321
